{"cameraMode":{"drawMode":0,"name":"Shaded","section":"Shading Mode"},"sceneLighting":false,"audioPlay":false,"sceneViewState":{"m_AlwaysRefresh":false,"showFog":true,"showSkybox":false,"showFlares":true,"showImageEffects":true,"showParticleSystems":true,"showVisualEffectGraphs":true,"m_FxEnabled":false},"in2DMode":false,"pivot":{"x":0.23831701278686524,"y":2.56071400642395,"z":0.15280818939208985},"rotation":{"x":-0.05297574773430824,"y":-0.12342169135808945,"z":0.006599996238946915,"w":-0.9909431338310242},"size":4.815749168395996,"orthographic":false}