{"cameraMode":{"drawMode":0,"name":"Shaded","section":"Shading Mode"},"sceneLighting":false,"audioPlay":false,"sceneViewState":{"m_AlwaysRefresh":false,"showFog":true,"showSkybox":false,"showFlares":true,"showImageEffects":true,"showParticleSystems":true,"showVisualEffectGraphs":true,"m_FxEnabled":false},"in2DMode":false,"pivot":{"x":-0.1212843656539917,"y":0.14169704914093018,"z":0.06594699621200562},"rotation":{"x":-0.05297574773430824,"y":-0.12342169135808945,"z":0.006599996238946915,"w":-0.9909431338310242},"size":1.6901671886444092,"orthographic":false}