{"cameraMode":{"drawMode":0,"name":"Shaded","section":"Shading Mode"},"sceneLighting":false,"audioPlay":false,"sceneViewState":{"m_AlwaysRefresh":false,"showFog":true,"showSkybox":false,"showFlares":true,"showImageEffects":true,"showParticleSystems":true,"showVisualEffectGraphs":true,"m_FxEnabled":false},"in2DMode":false,"pivot":{"x":-0.5864899754524231,"y":0.33788251876831057,"z":0.07840335369110108},"rotation":{"x":0.5222882628440857,"y":0.19685116410255433,"z":-0.12536101043224336,"w":0.8202354907989502},"size":3.0269618034362795,"orthographic":false}