{"cameraMode":{"drawMode":0,"name":"Shaded","section":"Shading Mode"},"sceneLighting":false,"audioPlay":false,"sceneViewState":{"m_AlwaysRefresh":false,"showFog":true,"showSkybox":false,"showFlares":true,"showImageEffects":true,"showParticleSystems":true,"showVisualEffectGraphs":true,"m_FxEnabled":false},"in2DMode":false,"pivot":{"x":-0.305449903011322,"y":0.5516292452812195,"z":0.2151418924331665},"rotation":{"x":0.5222882628440857,"y":0.19685116410255433,"z":-0.12536101043224336,"w":0.8202354907989502},"size":1.5169792175292969,"orthographic":false}