{"cameraMode":{"drawMode":0,"name":"Shaded","section":"Shading Mode"},"sceneLighting":false,"audioPlay":false,"sceneViewState":{"m_AlwaysRefresh":false,"showFog":true,"showSkybox":false,"showFlares":true,"showImageEffects":true,"showParticleSystems":true,"showVisualEffectGraphs":true,"m_FxEnabled":false},"in2DMode":false,"pivot":{"x":0.008757203817367554,"y":0.21286657452583314,"z":-0.017920002341270448},"rotation":{"x":-0.05297574773430824,"y":-0.12342169135808945,"z":0.006599996238946915,"w":-0.9909431338310242},"size":0.30648744106292727,"orthographic":false}